P9160,P3060,P4530,P5030
P9600,P3950,P4290,P2680,P2890,P4560,P5750,P7390,P4970,P9900,P2420,P9000,P8180,P3840,P6180,P4510,P4780,P7870,P8390,P8590,P5380
P7290,P4110,P5300,P4510,P8160,P1570,P1740,P8760,P8400,P390,P7700,P3930,P620,P2730,P7920,P9950,P5640,P5810,P3170,P7430,P4680,P7340,P6170,P1340,P6560,P1590,P6560,P9950,P5700,P1430,P5880,P4820,P5870,P7430,P7290,P800,P3290,P3230,P8900,P6590,P8280,P6700,P4680,P8740,P2150,P5890,P2730,P810,P2230,P3070,P9650,P8420,P1290,P5800,P4610,P4560,P5120,P5650,P7510,P6510,P8510,P5470,P2870,P4740,P8200,P80,P6810,P7000,P2780,P4670,P8910,P9410,P7840,P8040,P6740,P8930,P1730,P960,P880,P8320,P210,P4760,P2350,P3630,P850,P2290,P1930,P9300,P1130,P3330,P3960,P2190,P9310,P8010,P6090,P7540,P4400,P9670,P6210,P4230
P4510,P1380,P7440,P8910,P6450,P910,P5090,P2830,P4610,P1250,P8130,P5100,P7800,P7320,P8270,P9050,P90,P5410,P8370,P6950,P5990,P8980,P220,P1270,P1550,P520,P8430,P3610,P2940,P1890,P8360,P4710,P1980,P5870,P7260,P2780,P3920,P6770,P2220,P1580,P9740,P10,P1620,P4820,P3990,P8890,P7550,P260,P530,P5130,P9800,P6230,P280,P3700,P4430,P8290,P8440,P1690,P5380,P1930,P6810,P790,P1760,P9810,P9870,P6520,P6640,P3590,P3160,P4860,P3260,P9090,P8860,P4100,P3940,P8400,P520,P1030,P10,P1880,P1750,P2210,P1430,P4150,P4980,P4430,P60,P1840,P1950,P6520,P5680,P9390,P3220,P2460,P8700,P4370,P550,P9890,P770,P4410
P8620,P4410,P9270,P3130,P1220,P5970,P1270,P9250,P8160,P2480,P5740,P7940,P5770,P4320,P4480,P7410,P7120,P5040,P9880,P6750,P6720,P4680,P1560,P4330
P7600,P8380,P7030,P8850,P8220,P1570,P2260,P8810,P4120,P6770,P4470,P1760,P8060,P760,P3210,P8720,P9090,P2490
P5590,P9060,P7010,P8960,P630,P2910,P1590,P6050,P6220,P590,P5780,P8450,P3680,P5200,P8230,P3550,P8470,P9080,P5050,P2930,P720,P6440,P2260,P9250,P5600,P4010,P5610,P3050,P6080,P1380,P7750,P1590,P4410,P2470,P6070,P2310,P9750,P6980,P5660,P4330,P9130,P3280
P280,P6910,P210,P7820,P7400,P9980,P3810,P9660,P900,P2570,P8390,P7890,P8660,P1680,P4120,P5030,P6350,P9490,P1670,P10,P8270,P5970,P8210,P7400,P9120,P60,P7850,P3920,P2990,P7260,P7960,P7630,P1120,P6470,P9970,P2740,P2290,P5660,P8410,P8610,P6080,P6650,P8530,P5380,P6540
P430,P1230,P4280,P9770,P1450,P6780,P5880,P6440,P5280,P2220,P8420,P7210,P6250,P4190,P5560,P4140,P2070,P3180,P9280,P1170,P6630,P3200,P9590,P4080,P7710,P5080,P3940,P5470,P6780,P1240,P9670,P4270,P8110,P4080,P830,P2100,P8190,P9320,P4620,P5550,P6460,P3560,P8160,P9070,P1140,P9390
P9790,P9890,P2050,P3280,P9590,P8140,P6920,P130,P840,P8600,P4950,P5120,P2520,P5450,P3380,P3290,P9700,P2490,P9550,P5380,P1790,P4700,P8500,P9360,P6190,P3860,P3930,P1880,P6810,P3210,P2180,P7650,P7390,P9200,P8240,P7420,P3550,P620,P8420,P7780,P5240,P980,P9280,P9660,P7720,P9750,P1850,P5970,P3890,P1980,P9790,P6270,P4360,P9250,P7510,P6930,P590,P4180,P2630,P9430,P3800,P3980,P1830,P2910,P7190,P2640,P8650,P3500,P10,P7300,P3770,P9560,P4970,P7850,P6110,P5690,P350,P810,P260,P8940,P3860,P960,P8120,P8110,P8170,P8640,P4880
